{"cameraMode":{"drawMode":0,"name":"Shaded","section":"Shading Mode"},"sceneLighting":false,"audioPlay":false,"sceneViewState":{"m_AlwaysRefresh":false,"showFog":true,"showSkybox":false,"showFlares":true,"showImageEffects":true,"showParticleSystems":true,"showVisualEffectGraphs":true,"m_FxEnabled":true},"in2DMode":false,"pivot":{"x":0.15253043174743653,"y":1.6915032863616944,"z":-20.720176696777345},"rotation":{"x":-0.1005709171295166,"y":0.6927124261856079,"z":-0.09861033409833908,"w":-0.7074130773544312},"size":1.2247449159622193,"orthographic":false}